name,eid,type,status,total-urls,urls/s,bytes-rd,bytes-wr,total-buffers,total-rebuffers,total-wait-time,video-format-bitrate,audio-format-bitrate,frame-rate,video-quality,tx rate,tx-rate-1m,rx rate,rx rate (1m),fb-min,fb-avg,fb-max,uc-min,uc-avg,uc-max,dns-min,dns-avg,dns-max,total-err,bad-proto,bad-url,rslv-p,rslv-h,!conn,timeout,nf (4xx),http-r,http-p,http-t,acc. denied,ftp-host,ftp-stor,ftp-port,write,read,redir,login-denied,other-err,elapsed,rpt timer,time-stamp
wlan0_ftp11_l4,1.11.0.414.11,L4/Gen,WAITING,0,0.0,0.0,0,0,0,0,0,0,0,0X0,0,0,0,0,0,0.0,0,0,0.0,0,0,0.0,0,0,0,0,0,0,0,0,0,0,0,0,0,0,0,0,0,0,0,0,0,0,5000,1753255604434
wlan1_ftp11_l4,1.11.1.415.11,L4/Gen,Run,77,0.45,380.0,0,0,0,0,0,0,0,0X0,0,0,16544127,18158067,70,2096.339,4106,1003,2344.428,4106,70,449.328,1874,0,0,0,0,0,0,0,0,0,0,0,0,0,0,0,0,0,0,0,0,183,5000,1753255605899
wlan0_ftp13_l4,1.13.0.416.11,L4/Gen,Run,28,0.11666666666666667,119.1384,0,0,0,0,0,0,0,0X0,0,0,5197527,4780171,255,4645.071,11827,1005,6342.428,11827,255,958.25,3531,0,0,0,0,0,0,0,0,0,0,0,0,0,0,0,0,0,0,0,0,183,5000,1753255605736
wlan0_ftp136_l4,1.136.1.419.11,L4/Gen,Run,65,0.3333333333333333,324.1908,0,0,0,0,0,0,0,0X0,0,0,14131115,13865741,132,544.6,2083,1215,2485.323,21068,0,0.0,0,1,0,0,0,0,0,1,0,0,0,0,0,0,0,0,0,0,0,0,0,183,5000,1753255606598
wlan0_ftp146_l4,1.146.2.420.11,L4/Gen,WAITING,0,0.0,0.0,0,0,0,0,0,0,0,0X0,0,0,0,0,0,0.0,0,0,0.0,0,0,0.0,0,0,0,0,0,0,0,0,0,0,0,0,0,0,0,0,0,0,0,0,0,39,5000,1753255606899
