name,eid,type,status,total-urls,urls/s,bytes-rd,bytes-wr,total-buffers,total-rebuffers,total-wait-time,video-format-bitrate,audio-format-bitrate,frame-rate,video-quality,tx rate,tx-rate-1m,rx rate,rx rate (1m),fb-min,fb-avg,fb-max,uc-min,uc-avg,uc-max,dns-min,dns-avg,dns-max,total-err,bad-proto,bad-url,rslv-p,rslv-h,!conn,timeout,nf (4xx),http-r,http-p,http-t,acc. denied,ftp-host,ftp-stor,ftp-port,write,read,redir,login-denied,other-err,elapsed,rpt timer,time-stamp
wlan0_http110_l4,1.110.1.524.11,L4/Gen,Run,2,0.016666666666666666,11.2045,0,0,0,0,0,0,0,0X0,0,0,1469514,833700,13,584.333,1517,305,476.0,647,0,0.0,0,0,0,0,0,0,0,0,0,0,0,0,0,0,0,0,0,0,0,0,0,60,5000,1758710020134
wlan0_http113_l4,1.113.1.525.11,L4/Gen,Run,4,0.06898454746136866,15.0,0,0,0,0,0,0,0,0X0,0,0,2069536,2076770,226,1054.333,2702,595,8805.0,21028,0,0.0,0,1,0,0,0,0,0,1,0,0,0,0,0,0,0,0,0,0,0,0,0,57,5000,1758710019607
wlan0_http117_l4,1.117.1.526.11,L4/Gen,Run,2,0.03874767513949163,10.035,0,0,0,0,0,0,0,0X0,0,0,1555337,1567801,339,4909.0,14027,708,837.5,967,0,0.0,0,0,0,0,0,0,0,0,0,0,0,0,0,0,0,0,0,0,0,0,0,51,5000,1758710019607
wlan0_http17_l4,1.17.0.529.11,L4/Gen,Run,3,0.05,17.4037,0,0,0,0,0,0,0,0X0,0,0,2315935,2329770,3,2705.132,4155,570,1088.0,1879,3,328.0,1278,0,0,0,0,0,0,0,0,0,0,0,0,0,0,0,0,0,0,0,0,60,5000,1758710019607
