name,eid,type,status,total-urls,urls/s,bytes-rd,bytes-wr,total-buffers,total-rebuffers,total-wait-time,video-format-bitrate,audio-format-bitrate,frame-rate,video-quality,tx rate,tx-rate-1m,rx rate,rx rate (1m),fb-min,fb-avg,fb-max,uc-min,uc-avg,uc-max,dns-min,dns-avg,dns-max,total-err,bad-proto,bad-url,rslv-p,rslv-h,!conn,timeout,nf (4xx),http-r,http-p,http-t,acc. denied,ftp-host,ftp-stor,ftp-port,write,read,redir,login-denied,other-err,elapsed,rpt timer,time-stamp
wlan0_http110_l4,1.110.1.461.11,L4/Gen,Run,7,0.12218537266538664,35.0,0,0,0,0,0,0,0,0X0,0,0,4887414,4921207,6,672.285,2232,345,2551.0,5413,0,0.0,0,0,0,0,0,0,0,0,0,0,0,0,0,0,0,0,0,0,0,0,0,57,5000,1758709289860
wlan0_http113_l4,1.113.1.462.11,L4/Gen,Run,6,0.10256936253141187,34.0736,0,0,0,0,0,0,0,0X0,0,0,4659878,4685021,20,531.428,1065,433,3175.833,10197,0,0.0,0,0,0,0,0,0,0,0,0,0,0,0,0,0,0,0,0,0,0,0,0,58,5000,1758709290261
wlan0_http117_l4,1.117.1.465.11,L4/Gen,Run,6,0.11168192986374804,30.0,0,0,0,0,0,0,0,0X0,0,0,4467277,4486944,9,266.333,692,577,3515.166,10675,0,0.0,0,0,0,0,0,0,0,0,0,0,0,0,0,0,0,0,0,0,0,0,0,53,5000,1758709289860
wlan0_http17_l4,1.17.0.466.11,L4/Gen,Run,0,0.0,0.0478,0,0,0,0,0,0,0,0X0,0,0,6890,6913,352,406.5,558,0,0.0,0,352,352.0,352,0,0,0,0,0,0,0,0,0,0,0,0,0,0,0,0,0,0,0,0,55,5000,1758709289860
wlan0_http21_l4,1.21.0.467.11,L4/Gen,Run,4,0.07130124777183601,20.9962,0,0,0,0,0,0,0,0X0,0,0,2994106,3005175,7,3830.101,4703,326,668.75,844,7,75.2,238,0,0,0,0,0,0,0,0,0,0,0,0,0,0,0,0,0,0,0,0,56,5000,1758709289860
